Materia,Tipo,Título,Enlace,Autor o cátedra,Revisado
Anatomía,Bibliografía,Anatomia Clinica - Pro V2,https://drive.google.com/drive/folders/1JZSPVNxvlgC1NJ0kh3M37VmmaE3h-NAj,,sí
Anatomía,Bibliografía,Anatomia Dental - Riojas,https://drive.google.com/drive/folders/1JZSPVNxvlgC1NJ0kh3M37VmmaE3h-NAj,,sí
Anatomía,Bibliografía,Anatomia Dental - Woelfel,https://drive.google.com/drive/folders/1JZSPVNxvlgC1NJ0kh3M37VmmaE3h-NAj,,sí
Anatomía,Bibliografía,Anatomia Humana - Latarjet,https://drive.google.com/drive/folders/1JZSPVNxvlgC1NJ0kh3M37VmmaE3h-NAj,,sí
Anatomía,Bibliografía,Anatomia humana cabeza y cuello - Rouviere-Delmas,https://drive.google.com/drive/folders/1JZSPVNxvlgC1NJ0kh3M37VmmaE3h-NAj,,sí
Anatomía,Bibliografía,Anatomía Clínica - Pró,https://drive.google.com/drive/folders/1JZSPVNxvlgC1NJ0kh3M37VmmaE3h-NAj,,sí
Anatomía,Bibliografía,Anatomía Humana - García-Porrero,https://drive.google.com/drive/folders/1JZSPVNxvlgC1NJ0kh3M37VmmaE3h-NAj,,sí
Anatomía,Bibliografía,Anatomy for Dental Medicine - Baker,https://drive.google.com/drive/folders/1JZSPVNxvlgC1NJ0kh3M37VmmaE3h-NAj,,sí
Anatomía,Bibliografía,Anatomía Dental - Rafael Esponda,https://drive.google.com/drive/folders/1JZSPVNxvlgC1NJ0kh3M37VmmaE3h-NAj,,sí
Anatomía,Bibliografía,ATLAS DE MORFOLOGIA DENTAL TALLADO-Rafael Esponda,https://drive.google.com/drive/folders/1JZSPVNxvlgC1NJ0kh3M37VmmaE3h-NAj,,sí
Anatomía,Bibliografía,Cabeza y cuello - Netter,https://drive.google.com/drive/folders/1JZSPVNxvlgC1NJ0kh3M37VmmaE3h-NAj,,sí
Anatomía,Bibliografía,Cuaderno de Anatomia para colorear - Netter,https://drive.google.com/drive/folders/1JZSPVNxvlgC1NJ0kh3M37VmmaE3h-NAj,,sí
Anatomía,Bibliografía,Figun Garino- Anatomia Odontologica,https://drive.google.com/drive/folders/1JZSPVNxvlgC1NJ0kh3M37VmmaE3h-NAj,,sí
Anatomía,Bibliografía,Neuroanatomia Clinica - Snell,https://drive.google.com/drive/folders/1JZSPVNxvlgC1NJ0kh3M37VmmaE3h-NAj,,sí
Anatomía,Bibliografía,Neuroanatomia Funcional - Afifi,https://drive.google.com/drive/folders/1JZSPVNxvlgC1NJ0kh3M37VmmaE3h-NAj,,sí
Anatomía,Bibliografía,Tratado de Anatomia Humana Tomo 1 - Quiróz,https://drive.google.com/drive/folders/1JZSPVNxvlgC1NJ0kh3M37VmmaE3h-NAj,,sí
Anatomía,Bibliografía,Tratado de Anatomia Humana Tomo 2 - Quiróz,https://drive.google.com/drive/folders/1JZSPVNxvlgC1NJ0kh3M37VmmaE3h-NAj,,sí
Anatomía,Bibliografía,Tratado de Anatomia Humana Tomo 3 - Quiróz,https://drive.google.com/drive/folders/1JZSPVNxvlgC1NJ0kh3M37VmmaE3h-NAj,,sí
Anatomía,Bibliografía,"Wheeler Anatomía, Fisiología y Oclusión Dental (Nelson Stanley J Y Ash Jr Major M)",https://drive.google.com/drive/folders/1JZSPVNxvlgC1NJ0kh3M37VmmaE3h-NAj,,sí
Anatomía I,Apuntes,Apuntes de Anatomía I,https://drive.google.com/drive/folders/1GKzWrWGnoYx0rtM1CPvlI0IdfA7nFIce,,sí
Anatomía II,Apuntes,Apuntes de Anatomía II,https://drive.google.com/drive/folders/1CQ8Wt8f_MWtrzi1VndDGVM5U31kjod59,,sí
Anatomía,Bibliografía,ANATOMIA DENTARIA DIBUJOS,https://drive.google.com/drive/folders/1MgrnGDADc6s6R96VFPmLilm7W0IcXGxL,,sí
Anatomía,Bibliografía,Anatomia. Mellonis Secretos de Anatomia,https://drive.google.com/drive/folders/1MgrnGDADc6s6R96VFPmLilm7W0IcXGxL,,sí
Anatomía,Bibliografía,ANATOMÍA DE LA CABEZA PARA ODONTÓLOGOS by José Luis VeLayos z,https://drive.google.com/drive/folders/1MgrnGDADc6s6R96VFPmLilm7W0IcXGxL,,sí
Anatomía,Bibliografía,Atlas de Anatomia Dental SAM,https://drive.google.com/drive/folders/1MgrnGDADc6s6R96VFPmLilm7W0IcXGxL,,sí
Anatomía,Bibliografía,Cabeza y cuello Flashcards Netter Apaisado,https://drive.google.com/drive/folders/1MgrnGDADc6s6R96VFPmLilm7W0IcXGxL,,sí
Anatomía,Bibliografía,Figun Garino- Anatomia Odontologica,https://drive.google.com/drive/folders/1MgrnGDADc6s6R96VFPmLilm7W0IcXGxL,,sí
Anatomía,Bibliografía,NETHER-FLASHCARD-DE-ANATOMIA,https://drive.google.com/drive/folders/1MgrnGDADc6s6R96VFPmLilm7W0IcXGxL,,sí
Anatomía,Bibliografía,Netter - Cuaderno de anatomia para colorear 2da ed,https://drive.google.com/drive/folders/1MgrnGDADc6s6R96VFPmLilm7W0IcXGxL,,sí
Anatomía,Bibliografía,Netter Atlas de Anatomia Humana 7a Edicion,https://drive.google.com/drive/folders/1MgrnGDADc6s6R96VFPmLilm7W0IcXGxL,,sí
Anatomía,Bibliografía,Steimberg Denticion,https://drive.google.com/drive/folders/1MgrnGDADc6s6R96VFPmLilm7W0IcXGxL,,sí
Anatomía,Bibliografía,Woelfel Anatomia Dental 8a Edicion,https://drive.google.com/drive/folders/1MgrnGDADc6s6R96VFPmLilm7W0IcXGxL,,sí
Anatomía,Bibliografía,Human Anatomy Atlas Español para PC,https://drive.google.com/drive/folders/1MgrnGDADc6s6R96VFPmLilm7W0IcXGxL,,sí
Anatomía,Carpeta,Todo Anatomía en la biblioteca virtual,https://drive.google.com/drive/folders/1MgrnGDADc6s6R96VFPmLilm7W0IcXGxL,,sí
Biofísica I,Apuntes,Apuntes de Biofísica I,https://drive.google.com/drive/folders/1Qr8d61g6wt2yWtJeNc40S7t7yddiTlGU,,sí
Biofísica II,Apuntes,Apuntes de Biofísica II,https://drive.google.com/drive/folders/1L7xGB2Vrj7bD8hEq0FlNmz8DSQnNIZDK,,sí
Biofísica,Carpeta,Todo Biofísica en la biblioteca virtual,https://drive.google.com/drive/folders/17OMZDq-5hLKzEbJZ1M-gG0SWK_Helcmo,,sí
Biología General,Bibliografía,Biologia Celular y Molecular de Robertis 16e,https://drive.google.com/drive/folders/1gUf8ILdODw8Q76lq1GvGtte5vnJKK3FA,,sí
Biología General,Bibliografía,Biologia Curtis Barnes 7ma edicion,https://drive.google.com/drive/folders/1gUf8ILdODw8Q76lq1GvGtte5vnJKK3FA,,sí
Biología General I,Apuntes,Apuntes de Biología General I,https://drive.google.com/drive/folders/1n9sohP_vdppFxSsgf-YPtGvdv45ccYJT,,sí
Biología General II,Apuntes,Apuntes de Biología General II,https://drive.google.com/drive/folders/1dCNPobPBQDyVoYEN1GaLODDjKnaLJZvg,,sí
Biología General,Bibliografía,Introduccion a la biologia celular 5a Edicion,https://drive.google.com/drive/folders/1ADpTwSNXt8F7_E2Iz7vSO04bPjL1AxI2,,sí
Biología General,Carpeta,Todo Biología General en la biblioteca virtual,https://drive.google.com/drive/folders/1ADpTwSNXt8F7_E2Iz7vSO04bPjL1AxI2,,sí
Biomateriales,Bibliografía,2019 Cova Natera Biomateriales Dentales para una Odontología Exitosa,https://drive.google.com/drive/folders/1ohhB8MAa0xwI41QSqZMCcE6pu3pOYp1u,,sí
Biomateriales,Bibliografía,Biomateriales dentales Dr Paz V2,https://drive.google.com/drive/folders/1ohhB8MAa0xwI41QSqZMCcE6pu3pOYp1u,,sí
Biomateriales,Bibliografía,Ciencia de los materiales dentales 13va. Phillips,https://drive.google.com/drive/folders/1ohhB8MAa0xwI41QSqZMCcE6pu3pOYp1u,,sí
Biomateriales,Bibliografía,Macchi Materiales Dentales V2,https://drive.google.com/drive/folders/1ohhB8MAa0xwI41QSqZMCcE6pu3pOYp1u,,sí
Biomateriales,Bibliografía,Materiales Dentales Barceló 5ª,https://drive.google.com/drive/folders/1ohhB8MAa0xwI41QSqZMCcE6pu3pOYp1u,,sí
Biomateriales,Bibliografía,Phillips Ciencia de los Materiales Dentales,https://drive.google.com/drive/folders/1ohhB8MAa0xwI41QSqZMCcE6pu3pOYp1u,,sí
Biomateriales I,Apuntes,Apuntes de Biomateriales I,https://drive.google.com/drive/folders/1uNNwypBC96Hx9wKlj9KxqhzGeCLDCd9H,,sí
Biomateriales II,Apuntes,Apuntes de Biomateriales II,https://drive.google.com/drive/folders/1zTJZU9qXRSnCAeg9QiXnqbOJWEVuYzGA,,sí
Biomateriales,Carpeta,Todo Biomateriales en la biblioteca virtual,https://drive.google.com/drive/folders/1q28TtS1Dlfzl9qmuC_r7jJUt1hMH3kSg,,sí
Bioquímica Estomatológica,Bibliografía,Quimica Biologica de BLANCO,https://drive.google.com/drive/folders/1z59OlOaRyWOZSi06uPZvX8PvHe3aBy5E,,sí
Bioquímica Estomatológica I,Apuntes,Apuntes de Bioquímica Estomatológica I,https://drive.google.com/drive/folders/1aAa3Dy1TCBQgTYjaSVKP9-zd9ZSfr_4j,,sí
Bioquímica Estomatológica II,Apuntes,Apuntes de Bioquímica Estomatológica II,https://drive.google.com/drive/folders/18YsRcQU0JX6Ba_7uBvoggj9r61BGfUnq,,sí
Bioquímica Estomatológica,Bibliografía,Bioquimica humana CARDELLA-HERNANDEZ,https://drive.google.com/drive/folders/1uRE9CG-itxub_FOXCFnYULJy-Szufziy,,sí
Bioquímica Estomatológica,Carpeta,Todo Bioquímica Estomatológica en la biblioteca virtual,https://drive.google.com/drive/folders/1uRE9CG-itxub_FOXCFnYULJy-Szufziy,,sí
Bioética,Material,Encuentros Semanales,https://drive.google.com/drive/folders/12htxj2dxoL1SMW6ukQLUrIhQ3TOzeVNH,,sí
Bioética,Material,Programa Analítico,https://drive.google.com/drive/folders/1f7kV-QSZjzc1N1-ggC6Oyf8h3u3KumeF,,sí
Bioética,Bibliografía,Apunte Bioetica,https://drive.google.com/drive/folders/171k44XnE12smb6NbpM5KNdb5HWjiM3Nj,,sí
Bioética,Bibliografía,BIOETICA SEMINARIOS CAROLINA BONITO,https://drive.google.com/drive/folders/171k44XnE12smb6NbpM5KNdb5HWjiM3Nj,,sí
Bioética,Bibliografía,Bioética - Guía de Estudios Primer Parcial,https://drive.google.com/drive/folders/171k44XnE12smb6NbpM5KNdb5HWjiM3Nj,,sí
Bioética,Bibliografía,Bioética - Guía de Estudios Segundo Parcial,https://drive.google.com/drive/folders/171k44XnE12smb6NbpM5KNdb5HWjiM3Nj,,sí
Bioética,Bibliografía,mqfy1kvjl0bg 26.png,https://drive.google.com/drive/folders/171k44XnE12smb6NbpM5KNdb5HWjiM3Nj,,sí
Bioética,Carpeta,Todo Bioética en la biblioteca virtual,https://drive.google.com/drive/folders/171k44XnE12smb6NbpM5KNdb5HWjiM3Nj,,sí
Cirugía,Cátedra,Material de la cátedra A,https://drive.google.com/drive/folders/16tzmWDfREyJfTqqOH5cydPcXszB_zt08,Cátedra A,sí
Cirugía,Cátedra,Material de la cátedra B,https://drive.google.com/drive/folders/1qK0_UcOPWE2yUAoex1TpPL9TIq341JGE,Cátedra B,sí
Cirugía,Bibliografía,2015-Tratado de CIRUGÍA BUCAL Cosme Gay Escoda Leonardo Berini Ayté,https://drive.google.com/drive/folders/1I8BLAI98PR0FfGTsifv4Q3BcQ1ZQnQR_,,sí
Cirugía,Bibliografía,"Chiapasco - Cirugía Oral. Texto y Atlas en color, 2004",https://drive.google.com/drive/folders/1I8BLAI98PR0FfGTsifv4Q3BcQ1ZQnQR_,,sí
Cirugía,Bibliografía,Cirugia Bucal y Maxilofacial Laskin,https://drive.google.com/drive/folders/1I8BLAI98PR0FfGTsifv4Q3BcQ1ZQnQR_,,sí
Cirugía,Bibliografía,Cirugia Bucal. Ries Centeno,https://drive.google.com/drive/folders/1I8BLAI98PR0FfGTsifv4Q3BcQ1ZQnQR_,,sí
Cirugía,Bibliografía,Cirugía oral Texto y atlas en color by M. Chiapasco (z-lib.org),https://drive.google.com/drive/folders/1I8BLAI98PR0FfGTsifv4Q3BcQ1ZQnQR_,,sí
Cirugía,Bibliografía,Donado. Cirugía bucal,https://drive.google.com/drive/folders/1I8BLAI98PR0FfGTsifv4Q3BcQ1ZQnQR_,,sí
Cirugía,Bibliografía,Kruger - Tratado de Cirugía Bucal-1978,https://drive.google.com/drive/folders/1I8BLAI98PR0FfGTsifv4Q3BcQ1ZQnQR_,,sí
Cirugía,Bibliografía,LASKIN Manual Clinico de Cirugia Oral y Maxilofacial Completo,https://drive.google.com/drive/folders/1I8BLAI98PR0FfGTsifv4Q3BcQ1ZQnQR_,,sí
Cirugía,Bibliografía,Medeiros Cirugía de Dientes Incluídos Extracción del Tercer,https://drive.google.com/drive/folders/1I8BLAI98PR0FfGTsifv4Q3BcQ1ZQnQR_,,sí
Cirugía,Bibliografía,Navarro Vila - Cirugía Oral,https://drive.google.com/drive/folders/1I8BLAI98PR0FfGTsifv4Q3BcQ1ZQnQR_,,sí
Cirugía,Bibliografía,2008 - Macouzet Olivar - Anestesia Local en Odontología,https://drive.google.com/drive/folders/1PsMM3X6vnvwwYdBCG2gavoLIMnt4U_Js,,sí
Cirugía,Bibliografía,"252 anatomia, anestesia",https://drive.google.com/drive/folders/1PsMM3X6vnvwwYdBCG2gavoLIMnt4U_Js,,sí
Cirugía,Bibliografía,Anestesia Bucal Guia Practica (Adel Alfonso Martínez Martínez) (z-lib.org),https://drive.google.com/drive/folders/1PsMM3X6vnvwwYdBCG2gavoLIMnt4U_Js,,sí
Cirugía,Bibliografía,Cirugia.Oral.y.Maxilofacial.Contemporanea.Hupp.6ed,https://drive.google.com/drive/folders/1PsMM3X6vnvwwYdBCG2gavoLIMnt4U_Js,,sí
Cirugía,Bibliografía,La extracción dentaria Jorge Marcelo Gilligan Adrián Gustavo Ulfohnv2,https://drive.google.com/drive/folders/1PsMM3X6vnvwwYdBCG2gavoLIMnt4U_Js,,sí
Cirugía,Bibliografía,Manual de Anestesia Local Malamed 6a Ed booksmedicos.org,https://drive.google.com/drive/folders/1PsMM3X6vnvwwYdBCG2gavoLIMnt4U_Js,,sí
Cirugía,Carpeta,Todo Cirugía en la biblioteca virtual,https://drive.google.com/drive/folders/1PsMM3X6vnvwwYdBCG2gavoLIMnt4U_Js,,sí
Diagnóstico por Imágenes,Bibliografía,Diagnóstico Por La Imagen En Odonto Estomatología Cavezian y Pasquet,https://drive.google.com/drive/folders/16wPAeZbP_IcAFVsbMkBGHZxjUXY3etru,,sí
Diagnóstico por Imágenes,Bibliografía,Fundamentos de rx dental. Eric Whaites. 4ta Edicion,https://drive.google.com/drive/folders/16wPAeZbP_IcAFVsbMkBGHZxjUXY3etru,,sí
Diagnóstico por Imágenes,Bibliografía,Radiología Oral Principios E Interpretación - White y Pharoah,https://drive.google.com/drive/folders/16wPAeZbP_IcAFVsbMkBGHZxjUXY3etru,,sí
Diagnóstico por Imágenes I,Apuntes,Apuntes de Diagnóstico por Imágenes I,https://drive.google.com/drive/folders/1NxQgmKJ159LOH204sSls-y83k4gSHrjn,,sí
Diagnóstico por Imágenes II,Apuntes,Apuntes de Diagnóstico por Imágenes II,https://drive.google.com/drive/folders/1mwmgB5l3x8yJ_AERTHruHSHaI9gWyijd,,sí
Diagnóstico por Imágenes,Carpeta,Todo Diagnóstico por Imágenes en la biblioteca virtual,https://drive.google.com/drive/folders/1-SwH3axYbuewnJ9UwcizMbuNMMHBtBCE,,sí
Dimensión Psicológica de la Atención Odontológica,Material,Programa Analítico,https://drive.google.com/drive/folders/1goTVJoiy3j-LhmX0iIDQB_XcX2t1Mm1Y,,sí
Dimensión Psicológica de la Atención Odontológica,Bibliografía,psico,https://drive.google.com/drive/folders/1cLyaJitBjvWaURzmxROVoEY0CRkbJnQO,,sí
Dimensión Psicológica de la Atención Odontológica,Bibliografía,Resumen Psicologia 2020,https://drive.google.com/drive/folders/1cLyaJitBjvWaURzmxROVoEY0CRkbJnQO,,sí
Dimensión Psicológica de la Atención Odontológica,Carpeta,Todo Dimensión Psicológica de la Atención Odontológica en la biblioteca virtual,https://drive.google.com/drive/folders/1cLyaJitBjvWaURzmxROVoEY0CRkbJnQO,,sí
Endodoncia,Bibliografía,Cohen Vias de la Pulpa 10a Edicion,https://drive.google.com/drive/folders/1i1KPwFQmfXFcDUsMbcDR_gH0FKFIRH0W,,sí
Endodoncia,Bibliografía,Cohen Vias de la Pulpa Kenneth M H-español,https://drive.google.com/drive/folders/1i1KPwFQmfXFcDUsMbcDR_gH0FKFIRH0W,,sí
Endodoncia,Bibliografía,"De Lima Machado, Manoel E-Endodoncia de la biología la técnica",https://drive.google.com/drive/folders/1i1KPwFQmfXFcDUsMbcDR_gH0FKFIRH0W,,sí
Endodoncia,Bibliografía,Endodoncia Bergenholtz,https://drive.google.com/drive/folders/1i1KPwFQmfXFcDUsMbcDR_gH0FKFIRH0W,,sí
Endodoncia,Bibliografía,"endodoncia, técnica y fundamentos SOARES GOLDBERG",https://drive.google.com/drive/folders/1i1KPwFQmfXFcDUsMbcDR_gH0FKFIRH0W,,sí
Endodoncia,Bibliografía,Endodoncia Tecnicas Clinicas Bases Cientificas Canalda y Brau 3era,https://drive.google.com/drive/folders/1i1KPwFQmfXFcDUsMbcDR_gH0FKFIRH0W,,sí
Endodoncia,Bibliografía,Tratamiento de conductos radiculares tomo 1 - leonardo,https://drive.google.com/drive/folders/1i1KPwFQmfXFcDUsMbcDR_gH0FKFIRH0W,,sí
Endodoncia,Bibliografía,Tratamiento de conductos radiculares tomo 2 - leonardo,https://drive.google.com/drive/folders/1i1KPwFQmfXFcDUsMbcDR_gH0FKFIRH0W,,sí
Endodoncia,Bibliografía,Vias de la pulpa Ed 12,https://drive.google.com/drive/folders/1i1KPwFQmfXFcDUsMbcDR_gH0FKFIRH0W,,sí
Endodoncia,Cátedra,Material de la cátedra A,https://drive.google.com/drive/folders/1BxjZ_YLUXme1rjN4p-OBWgQ5iczbNsSD,Cátedra A,sí
Endodoncia,Cátedra,Material de la cátedra B,https://drive.google.com/drive/folders/1BHX7f1hpRyBwbCYFxF9fVWJToIkaktdJ,Cátedra B,sí
Endodoncia,Bibliografía,Atlas-de-endodoncia-Odontologia,https://drive.google.com/drive/folders/1tIalJWKMd6Q-qf8echT_Xq3iSHbF29wh,,sí
Endodoncia,Bibliografía,Los Principios de Endodoncia,https://drive.google.com/drive/folders/1tIalJWKMd6Q-qf8echT_Xq3iSHbF29wh,,sí
Endodoncia,Bibliografía,Radiologia en Endodoncia,https://drive.google.com/drive/folders/1tIalJWKMd6Q-qf8echT_Xq3iSHbF29wh,,sí
Endodoncia,Bibliografía,Solucion de Problemas en Endodoncia 5a Edicion,https://drive.google.com/drive/folders/1tIalJWKMd6Q-qf8echT_Xq3iSHbF29wh,,sí
Endodoncia,Carpeta,Todo Endodoncia en la biblioteca virtual,https://drive.google.com/drive/folders/1tIalJWKMd6Q-qf8echT_Xq3iSHbF29wh,,sí
Farmacología y Terapéutica,Bibliografía,Farmacologia.Humana.Jesus.Florez.6ª.Ed,https://drive.google.com/drive/folders/1u1H6BGe7eHKB5CNsO5kqFLXhEF5z1AHm,,sí
Farmacología y Terapéutica,Bibliografía,Farmacologia.Humana.Jesus.Florez.6ª.Ed,https://drive.google.com/drive/folders/1u1H6BGe7eHKB5CNsO5kqFLXhEF5z1AHm,,sí
Farmacología y Terapéutica,Bibliografía,Farmacología de Velazquez,https://drive.google.com/drive/folders/1u1H6BGe7eHKB5CNsO5kqFLXhEF5z1AHm,,sí
Farmacología y Terapéutica,Bibliografía,Goodman & Gilman. Las Bases Farmacologicas de la Terapeutica 13a Edicion,https://drive.google.com/drive/folders/1u1H6BGe7eHKB5CNsO5kqFLXhEF5z1AHm,,sí
Farmacología y Terapéutica I,Apuntes,Apuntes de Farmacología y Terapéutica I,https://drive.google.com/drive/folders/1ppTvC2ETHimev-kX9yzEdpodvHAMgDXd,,sí
Farmacología y Terapéutica II,Apuntes,Apuntes de Farmacología y Terapéutica II,https://drive.google.com/drive/folders/1TVbuBJVYEwwLHAvs1hH3UBcKc4W76xue,,sí
Farmacología y Terapéutica,Bibliografía,Cuadro farmacos,https://drive.google.com/drive/folders/1oVgmPqQJi-Jc7z_wajcq5I1bQJi3I94a,,sí
Farmacología y Terapéutica,Bibliografía,Farmacologia.Humana.Jesus.Florez .6ª.Edicion,https://drive.google.com/drive/folders/1oVgmPqQJi-Jc7z_wajcq5I1bQJi3I94a,,sí
Farmacología y Terapéutica,Carpeta,Todo Farmacología y Terapéutica en la biblioteca virtual,https://drive.google.com/drive/folders/1oVgmPqQJi-Jc7z_wajcq5I1bQJi3I94a,,sí
Fisiología,Bibliografía,Best & Taylor-Bases Fisiologicas de la Practica Medica 14a Edicion,https://drive.google.com/drive/folders/1U-5hKMYz-OGb_DTLixlvNEhl5Gem0LQl,,sí
Fisiología,Bibliografía,Fisiologia de Houssay (7ma Edición),https://drive.google.com/drive/folders/1U-5hKMYz-OGb_DTLixlvNEhl5Gem0LQl,,sí
Fisiología,Bibliografía,Fisiologia Medica Mezquita booksmedicos.org,https://drive.google.com/drive/folders/1U-5hKMYz-OGb_DTLixlvNEhl5Gem0LQl,,sí
Fisiología,Bibliografía,Tr4t4do d3 f1s1ologia med1ca guy 12,https://drive.google.com/drive/folders/1U-5hKMYz-OGb_DTLixlvNEhl5Gem0LQl,,sí
Fisiología I,Apuntes,Apuntes de Fisiología I,https://drive.google.com/drive/folders/1eZQ3OujPXnaJ4TvtRITGhANWvP49AifB,,sí
Fisiología II,Apuntes,Apuntes de Fisiología II,https://drive.google.com/drive/folders/11mYvTKRfasjjwBg87n8_2aUBV6SnXypN,,sí
Fisiología,Carpeta,Todo Fisiología en la biblioteca virtual,https://drive.google.com/drive/folders/1ll0U9S_jq3bM0WxIf68qHw1itltdhr7j,,sí
Histología y Embriología,Bibliografía,2012 - Geneser - Histología 4a Ed,https://drive.google.com/drive/folders/18SOEMuxI6mjSE2N1NJGGdNvrFHZC8-US,,sí
Histología y Embriología,Bibliografía,"2020-Pawlina, Ross. Histologia Texto y atlas. 9na edicion",https://drive.google.com/drive/folders/18SOEMuxI6mjSE2N1NJGGdNvrFHZC8-US,,sí
Histología y Embriología,Bibliografía,histologia bucodental gomez feraris,https://drive.google.com/drive/folders/18SOEMuxI6mjSE2N1NJGGdNvrFHZC8-US,,sí
Histología y Embriología,Bibliografía,Histologia y Embriologia bucodental de Gomez de Ferraris,https://drive.google.com/drive/folders/18SOEMuxI6mjSE2N1NJGGdNvrFHZC8-US,,sí
Histología y Embriología,Bibliografía,Libro - Langman Embriología Médica 14ª Edición,https://drive.google.com/drive/folders/18SOEMuxI6mjSE2N1NJGGdNvrFHZC8-US,,sí
Histología y Embriología I,Apuntes,Apuntes de Histología y Embriología I,https://drive.google.com/drive/folders/1vbllhgkKR526Lsuldjoa1TKQvvSGUfrd,,sí
Histología y Embriología II,Apuntes,Apuntes de Histología y Embriología II,https://drive.google.com/drive/folders/1QE9KmeKcwt2i6VgoCHWSAT74pYnyUAhV,,sí
Histología y Embriología,Carpeta,Todo Histología y Embriología en la biblioteca virtual,https://drive.google.com/drive/folders/1TE56vW1TbfsaKGd08YO7r31Vo8pCUVlm,,sí
Microbiología y Parasitología,Bibliografía,Introducción a la Microbiología de Gerard J. Tortora,https://drive.google.com/drive/folders/1FQc6ZPZPwFCzflOKQieceIeabr4ZOhOt,,sí
Microbiología y Parasitología,Bibliografía,"Liébana Ureña, J. Microbiología Oral",https://drive.google.com/drive/folders/1FQc6ZPZPwFCzflOKQieceIeabr4ZOhOt,,sí
Microbiología y Parasitología,Bibliografía,Microbiologia Clinica Prats,https://drive.google.com/drive/folders/1FQc6ZPZPwFCzflOKQieceIeabr4ZOhOt,,sí
Microbiología y Parasitología,Bibliografía,"Microbiología Estomatológica. Fundamentos y guía práctica by MARTA NEGRONI, SUSANA MOLGATINI Edicion 3",https://drive.google.com/drive/folders/1FQc6ZPZPwFCzflOKQieceIeabr4ZOhOt,,sí
Microbiología y Parasitología I,Apuntes,Apuntes de Microbiología y Parasitología I,https://drive.google.com/drive/folders/1BCDBLIJylDTdJnH4jeZ0Eo8z63nJO9eO,,sí
Microbiología y Parasitología II,Apuntes,Apuntes de Microbiología y Parasitología II,https://drive.google.com/drive/folders/1x7nU7ajPgN-Zg2nICOVTTAlErk25yF8Y,,sí
Microbiología y Parasitología,Carpeta,Todo Microbiología y Parasitología en la biblioteca virtual,https://drive.google.com/drive/folders/1i8nH6HG58WfSMUSqw6ebfBoVTz14ujOd,,sí
Odontología Integral Niños,Cátedra,Material de la cátedra A,https://drive.google.com/drive/folders/1dZwf_FX4K-KOoVIZsJe24ef8jevv5gAE,Cátedra A,sí
Odontología Integral Niños,Cátedra,Material de la cátedra B,https://drive.google.com/drive/folders/1mh_mVMl3xTttI4By0IMvBfprJ-I277T_,Cátedra B,sí
Odontología Integral Niños,Carpeta,Todo Odontología Integral Niños en la biblioteca virtual,https://drive.google.com/drive/folders/10VdmzhnjIXnhzV45Ct-WjEEMS0EB-0Lm,,sí
Odontología Legal y Forense,Material,Encuentros Semanales,https://drive.google.com/drive/folders/1tmiHgYwiJqigj8y2lRyRsQCpESXZxdUc,,sí
Odontología Legal y Forense,Material,Guía de Estudios - Material de Estudio,https://drive.google.com/drive/folders/1ww7dFo2y17H1P2FoDPP4jyT1lFJ-NYi2,,sí
Odontología Legal y Forense,Material,Programa Analítico,https://drive.google.com/drive/folders/1dHMcWHt-KA-B7IOxTD-ji7d3n-JtDvV6,,sí
Odontología Legal y Forense,Bibliografía,Apunte Legal,https://drive.google.com/drive/folders/16SP-UjAGSgftb-0ZXDzYImAfVlDam1HN,,sí
Odontología Legal y Forense,Bibliografía,blog 1742310311 (1).png,https://drive.google.com/drive/folders/16SP-UjAGSgftb-0ZXDzYImAfVlDam1HN,,sí
Odontología Legal y Forense,Bibliografía,LEGAL 1 CAROLINA BONITO,https://drive.google.com/drive/folders/16SP-UjAGSgftb-0ZXDzYImAfVlDam1HN,,sí
Odontología Legal y Forense,Bibliografía,Legal Completo 230620 123445,https://drive.google.com/drive/folders/16SP-UjAGSgftb-0ZXDzYImAfVlDam1HN,,sí
Odontología Legal y Forense,Bibliografía,legal intermedio,https://drive.google.com/drive/folders/16SP-UjAGSgftb-0ZXDzYImAfVlDam1HN,,sí
Odontología Legal y Forense,Bibliografía,legal segunda parte,https://drive.google.com/drive/folders/16SP-UjAGSgftb-0ZXDzYImAfVlDam1HN,,sí
Odontología Legal y Forense,Carpeta,Todo Odontología Legal y Forense en la biblioteca virtual,https://drive.google.com/drive/folders/16SP-UjAGSgftb-0ZXDzYImAfVlDam1HN,,sí
Operatoria Dental,Cátedra,Material de la cátedra A,https://drive.google.com/drive/folders/10YD5UT00p8adchcXIdnWCHWSbXxQVwAm,Cátedra A,sí
Operatoria Dental,Cátedra,Material de la cátedra B,https://drive.google.com/drive/folders/1VDP6T9NYfU1xi1KxC3TL9ozQW1i702s_,Cátedra B,sí
Operatoria Dental,Bibliografía,Nocchi ODONTOLOGIA RESTAURADORA SALUD Y ESTETICA,https://drive.google.com/drive/folders/1HUt3UaVyzSh0wirH5VMe10dJea_q6F90,,sí
Operatoria Dental,Bibliografía,2005 Casanellas Basolls Reconstrucción de Dientes Endodonciados,https://drive.google.com/drive/folders/1HUt3UaVyzSh0wirH5VMe10dJea_q6F90,,sí
Operatoria Dental,Bibliografía,2010 - Brenna - Odontología Restauradora,https://drive.google.com/drive/folders/1HUt3UaVyzSh0wirH5VMe10dJea_q6F90,,sí
Operatoria Dental,Bibliografía,"2011 Rossi, Cuniberti de Rossi Lesiones cervicales no cariosas La",https://drive.google.com/drive/folders/1HUt3UaVyzSh0wirH5VMe10dJea_q6F90,,sí
Operatoria Dental,Bibliografía,Atlas de Operatoria Dental. Julio Lanata,https://drive.google.com/drive/folders/1HUt3UaVyzSh0wirH5VMe10dJea_q6F90,,sí
Operatoria Dental,Bibliografía,"Caries Dental, principios y procedimientos -de-Henostroza",https://drive.google.com/drive/folders/1HUt3UaVyzSh0wirH5VMe10dJea_q6F90,,sí
Operatoria Dental,Bibliografía,Estetica - J. Henostroza,https://drive.google.com/drive/folders/1HUt3UaVyzSh0wirH5VMe10dJea_q6F90,,sí
Operatoria Dental,Bibliografía,HENOSTROZA - Adhesión En Odontología Restauradora,https://drive.google.com/drive/folders/1HUt3UaVyzSh0wirH5VMe10dJea_q6F90,,sí
Operatoria Dental,Bibliografía,Henostroza-Caries Dental,https://drive.google.com/drive/folders/1HUt3UaVyzSh0wirH5VMe10dJea_q6F90,,sí
Operatoria Dental,Bibliografía,Lanata - Operatoria dental,https://drive.google.com/drive/folders/1HUt3UaVyzSh0wirH5VMe10dJea_q6F90,,sí
Operatoria Dental,Bibliografía,Lanata-Estética y Adhesión,https://drive.google.com/drive/folders/1HUt3UaVyzSh0wirH5VMe10dJea_q6F90,,sí
Operatoria Dental,Bibliografía,OPERATORIA DENTAL JULIO BARRANCOS MOONEY; PATRICIO J BARRANCOS,https://drive.google.com/drive/folders/1HUt3UaVyzSh0wirH5VMe10dJea_q6F90,,sí
Operatoria Dental,Bibliografía,2011 - Bertoldi Hepburn - Rehabilitación Posendodontica,https://drive.google.com/drive/folders/1U3-mIKP-h9SKdV1Gms4mPhc10SsnqyZw,,sí
Operatoria Dental,Bibliografía,Dental Anatomy and Morphology (Hilton Riquieri Rodrigo Yamada Riquieri,https://drive.google.com/drive/folders/1U3-mIKP-h9SKdV1Gms4mPhc10SsnqyZw,,sí
Operatoria Dental,Bibliografía,fundamentos-de-operatoria-dental-de-guillen compress,https://drive.google.com/drive/folders/1U3-mIKP-h9SKdV1Gms4mPhc10SsnqyZw,,sí
Operatoria Dental,Carpeta,Todo Operatoria Dental en la biblioteca virtual,https://drive.google.com/drive/folders/1U3-mIKP-h9SKdV1Gms4mPhc10SsnqyZw,,sí
Odontología Preventiva y Social,Material,Compendios OPS,https://drive.google.com/drive/folders/1E1vaFu4Rm83QYEIZuv37CURG9Okyi4Ht,,sí
Odontología Preventiva y Social I,Apuntes,Apuntes de Odontología Preventiva y Social I,https://drive.google.com/drive/folders/1129c4ZGNifl1aS8KKgGMGSO-QuSwcKEX,,sí
Odontología Preventiva y Social II,Apuntes,Apuntes de Odontología Preventiva y Social II,https://drive.google.com/drive/folders/11Ma1gwGKLfI12GDb9j_-G47bsutkLnij,,sí
Odontología Preventiva y Social III,Apuntes,Apuntes de Odontología Preventiva y Social III,https://drive.google.com/drive/folders/1ngr2lV0PdczogNJienOaI8P2_oFAQ8ZP,,sí
Odontología Preventiva y Social IV,Apuntes,Apuntes de Odontología Preventiva y Social IV,https://drive.google.com/drive/folders/1KSZGa6BRW29tnFL1SH3wwHl8GI70-Rdk,,sí
Odontología Preventiva y Social V,Apuntes,Apuntes de Odontología Preventiva y Social V,https://drive.google.com/drive/folders/1_i48t_dtf-fowEHMcwPMsans6A5XORTj,,sí
Odontología Preventiva y Social,Bibliografía,ODONTOGRAMA,https://drive.google.com/drive/folders/1PohjiV6o70Lw5Ft5deEVjcK76sJMU1xG,,sí
Odontología Preventiva y Social,Bibliografía,PLAN DE TRATAMIENTO,https://drive.google.com/drive/folders/1PohjiV6o70Lw5Ft5deEVjcK76sJMU1xG,,sí
Odontología Preventiva y Social,Carpeta,Todo Odontología Preventiva y Social en la biblioteca virtual,https://drive.google.com/drive/folders/1PohjiV6o70Lw5Ft5deEVjcK76sJMU1xG,,sí
Patología y Clínica Estomatológica,Material,LESIONES ELEMENTALES,https://drive.google.com/drive/folders/1rKpoOo5jBDc0KeQI8jMAxo-YUypC_sYt,,sí
Patología y Clínica Estomatológica,Bibliografía,diagnostico-bucal-silvio-borack,https://drive.google.com/drive/folders/1nlyjWtZkXSxmEG3H5-MH13W6YFPtJKNc,,sí
Patología y Clínica Estomatológica,Bibliografía,Atlas de patologia del complejo bucal,https://drive.google.com/drive/folders/1nlyjWtZkXSxmEG3H5-MH13W6YFPtJKNc,,sí
Patología y Clínica Estomatológica,Bibliografía,atlas-de-enfermedades-orales-george-laskaris,https://drive.google.com/drive/folders/1nlyjWtZkXSxmEG3H5-MH13W6YFPtJKNc,,sí
Patología y Clínica Estomatológica,Bibliografía,Cawson. Fundamentos de medicina y patología oral,https://drive.google.com/drive/folders/1nlyjWtZkXSxmEG3H5-MH13W6YFPtJKNc,,sí
Patología y Clínica Estomatológica,Bibliografía,Diagnostico diferencial de las lesiones orales y maxilofaciales ( WOOD - GOAZ ),https://drive.google.com/drive/folders/1nlyjWtZkXSxmEG3H5-MH13W6YFPtJKNc,,sí
Patología y Clínica Estomatológica,Bibliografía,Giglio & Nicolosi Semiología en la práctica de Odontología,https://drive.google.com/drive/folders/1nlyjWtZkXSxmEG3H5-MH13W6YFPtJKNc,,sí
Patología y Clínica Estomatológica,Bibliografía,Guia de Bolsillo de Enfermedades Orales Scully 1era Edición,https://drive.google.com/drive/folders/1nlyjWtZkXSxmEG3H5-MH13W6YFPtJKNc,,sí
Patología y Clínica Estomatológica,Bibliografía,Medicina Bucal - Jose V Bagan Sebastian,https://drive.google.com/drive/folders/1nlyjWtZkXSxmEG3H5-MH13W6YFPtJKNc,,sí
Patología y Clínica Estomatológica,Bibliografía,Patologia Bucal shafer,https://drive.google.com/drive/folders/1nlyjWtZkXSxmEG3H5-MH13W6YFPtJKNc,,sí
Patología y Clínica Estomatológica,Bibliografía,Patologia Oral y Maxilofacial Contemporánea,https://drive.google.com/drive/folders/1nlyjWtZkXSxmEG3H5-MH13W6YFPtJKNc,,sí
Patología y Clínica Estomatológica,Bibliografía,Patología Oral y General en Odontología,https://drive.google.com/drive/folders/1nlyjWtZkXSxmEG3H5-MH13W6YFPtJKNc,,sí
Patología y Clínica Estomatológica,Bibliografía,regezzi patologia bucal clinicopatolc3b3gicasevolucionodontologica1,https://drive.google.com/drive/folders/1nlyjWtZkXSxmEG3H5-MH13W6YFPtJKNc,,sí
Patología y Clínica Estomatológica I,Apuntes,Apuntes de Patología y Clínica Estomatológica I,https://drive.google.com/drive/folders/11c6x1lZPr7x9lYAm0ge5dB16avamFK7p,,sí
Patología y Clínica Estomatológica II,Apuntes,Apuntes de Patología y Clínica Estomatológica II,https://drive.google.com/drive/folders/1cFI8X83qy1RE02dgscrFFuf8v35Fd-AH,,sí
Patología y Clínica Estomatológica III,Apuntes,Apuntes de Patología y Clínica Estomatológica III,https://drive.google.com/drive/folders/1--6TfD8Vhibr6SftjQT3kekfuN3fwmlp,,sí
Patología y Clínica Estomatológica IV,Apuntes,Apuntes de Patología y Clínica Estomatológica IV,https://drive.google.com/drive/folders/1JIHb8Qydmzu_yQs5neznE8NtJcX5KkxE,,sí
Patología y Clínica Estomatológica V,Apuntes,Apuntes de Patología y Clínica Estomatológica V,https://drive.google.com/drive/folders/1gu55w8JoflD8jNKdtsr9ZueBnQqa9Zcz,,sí
Patología y Clínica Estomatológica,Bibliografía,Anatomia aplicada a la estomatología ( COMPANIONI - BACHÁ ),https://drive.google.com/drive/folders/1UeNO9YDFuWo3m3f7Dai2oTM5cza0vGOh,,sí
Patología y Clínica Estomatológica,Bibliografía,patologia mucosa,https://drive.google.com/drive/folders/1UeNO9YDFuWo3m3f7Dai2oTM5cza0vGOh,,sí
Patología y Clínica Estomatológica,Carpeta,Todo Patología y Clínica Estomatológica en la biblioteca virtual,https://drive.google.com/drive/folders/1UeNO9YDFuWo3m3f7Dai2oTM5cza0vGOh,,sí
Periodoncia,Cátedra,Material de la cátedra A,https://drive.google.com/drive/folders/1LTf--kOTUbYs1kk_HdyDKapr-k2zQw0-,Cátedra A,sí
Periodoncia,Cátedra,Material de la cátedra B,https://drive.google.com/drive/folders/12b0bUO8_yj7zVdMsh2taX-hkVHQXGHib,Cátedra B,sí
Periodoncia,Bibliografía,Periodoncia Carranza 11 edición,https://drive.google.com/drive/folders/1Dp66h2nQHGMHIOwlPNtHpaeEid5cULdh,,sí
Periodoncia,Bibliografía,Periodoncia Carranza ed 9,https://drive.google.com/drive/folders/1Dp66h2nQHGMHIOwlPNtHpaeEid5cULdh,,sí
Periodoncia,Bibliografía,"Periodoncia.Eley,Soory,Manson",https://drive.google.com/drive/folders/1Dp66h2nQHGMHIOwlPNtHpaeEid5cULdh,,sí
Periodoncia,Bibliografía,COMPENDIO-DE-PERIODONCIA-1-1,https://drive.google.com/drive/folders/1MIbyFadMli1DuXqIXIWLa3fEp8oqZ-_Z,,sí
Periodoncia,Carpeta,Todo Periodoncia en la biblioteca virtual,https://drive.google.com/drive/folders/1MIbyFadMli1DuXqIXIWLa3fEp8oqZ-_Z,,sí
Prótesis,Cátedra,Material de la cátedra A,https://drive.google.com/drive/folders/1rWfLzf9SXwQ8ktq-xAUeXkMeALajVMdW,Cátedra A,sí
Prótesis,Cátedra,Material de la cátedra B,https://drive.google.com/drive/folders/1HTwCK8ukzuqP5USrK85eGi5EagLZ6FeJ,Cátedra B,sí
Prótesis,Bibliografía,"Howat, Capp, Barret - Oclusión y Maloclusión",https://drive.google.com/drive/folders/1tikjpI8pO5KKxWytc-dlP98GpnKGVvu6,,sí
Prótesis,Bibliografía,"2004 Alonso, Albertini, Bechelli Oclusión Y Diagnóstico En Rehabilitación",https://drive.google.com/drive/folders/1tikjpI8pO5KKxWytc-dlP98GpnKGVvu6,,sí
Prótesis,Bibliografía,2009 Dawson Oclusión funcional Diseño de la Sonrisa a partir de,https://drive.google.com/drive/folders/1tikjpI8pO5KKxWytc-dlP98GpnKGVvu6,,sí
Prótesis,Bibliografía,2012 González García Oclusión Prâctica Conceptos Actuales,https://drive.google.com/drive/folders/1tikjpI8pO5KKxWytc-dlP98GpnKGVvu6,,sí
Prótesis,Bibliografía,5ta edicion Tratamiento de oclusión y afecciones temporomandibulares - Okeson,https://drive.google.com/drive/folders/1tikjpI8pO5KKxWytc-dlP98GpnKGVvu6,,sí
Prótesis,Bibliografía,DESOCLUSION - ANIBAL ALONSO,https://drive.google.com/drive/folders/1tikjpI8pO5KKxWytc-dlP98GpnKGVvu6,,sí
Prótesis,Bibliografía,Diseno de Protesis Parcial Removible Dav,https://drive.google.com/drive/folders/1tikjpI8pO5KKxWytc-dlP98GpnKGVvu6,,sí
Prótesis,Bibliografía,Implantologia contemporanea Carl E Misch,https://drive.google.com/drive/folders/1tikjpI8pO5KKxWytc-dlP98GpnKGVvu6,,sí
Prótesis,Bibliografía,oclusion-y-diagnostico-en-rehabilitacion-oral-comprimido,https://drive.google.com/drive/folders/1tikjpI8pO5KKxWytc-dlP98GpnKGVvu6,,sí
Prótesis,Bibliografía,oclusion-y-diagnostico-en-rehabilitacion-oral,https://drive.google.com/drive/folders/1tikjpI8pO5KKxWytc-dlP98GpnKGVvu6,,sí
Prótesis,Bibliografía,OCLUSIÓN FUNCIONAL DISEÑO DE LA SONRISA PETER,https://drive.google.com/drive/folders/1tikjpI8pO5KKxWytc-dlP98GpnKGVvu6,,sí
Prótesis,Bibliografía,Okeson Jeffrey P. Tratamiento de oclusión y afecciones temporomandibulares,https://drive.google.com/drive/folders/1tikjpI8pO5KKxWytc-dlP98GpnKGVvu6,,sí
Prótesis,Bibliografía,"Pessina, Bosco, Vinci Articuladores y Arcos Faciales en Prótesis",https://drive.google.com/drive/folders/1tikjpI8pO5KKxWytc-dlP98GpnKGVvu6,,sí
Prótesis,Carpeta,Todo Prótesis en la biblioteca virtual,https://drive.google.com/drive/folders/1ouS_Pj9iTqqXhTNkwUPItqHOtONksTok,,sí
General,Bibliografía,Diccionario de Odontología Mosby - (2° Edición),https://drive.google.com/drive/folders/1OiXCvHi_7cALIDY8KaUZHKc3qBRc76Fv,,sí
General,Bibliografía,HISTORIA CLINICA EN ODONTOLOGIA,https://drive.google.com/drive/folders/1OiXCvHi_7cALIDY8KaUZHKc3qBRc76Fv,,sí
